algorithm,buildConfiguration,graphicsBackend,graphicsAdapter,graphicsVersion,vSyncEnabled,heightMapPath,heightMapWidth,heightMapHeight,terrainSize,heightScale,maxDepthSetting,screenSpaceSplitThresholdPixels,screenSpaceMergeThresholdPixels,triangleBudget,timeSeconds,cameraX,cameraY,cameraZ,frameMilliseconds,triangles,nodes,activeSplits,splits,forcedSplits,merges,candidatePeak,persistentSplitQueueSize,persistentMergeQueueSize,queueCrossoverCount,queueMembershipUpdateCount,cpuMeshFullRebuildCount,cpuMeshUpdatedTriangleCount,cpuMeshReusedTriangleCount,cpuMeshDirtyRangeCount,budgetRejectedSplits,tjunctions,invalidNeighbors,invalidTopology,cpuWorkers,cpuUtilizationPercent,lodTotalMilliseconds,cpuUpdateMilliseconds,cpuPrepareMilliseconds,cpuMergeCandidateMarkMilliseconds,cpuMergeTopologyMilliseconds,cpuBudgetLeafCollectMilliseconds,cpuErrorEvalMilliseconds,cpuSplitCandidateMarkMilliseconds,cpuSplitTopologyMilliseconds,cpuFinalLeafCollectMilliseconds,cpuMeshEmitMilliseconds,cpuFinalizeMilliseconds,cpuUploadMilliseconds,gpuInitialLeafCompactionMilliseconds,gpuErrorEvaluationMilliseconds,gpuSplitCandidateMarkingMilliseconds,gpuMergeCandidateMarkingMilliseconds,gpuSplitTopologyMilliseconds,gpuActiveLeafResetMilliseconds,gpuFinalLeafCompactionMilliseconds,gpuMeshEmitMilliseconds,gpuPassSumMilliseconds,gpuSnapshotBuildMilliseconds,gpuBufferAllocationMilliseconds,gpuDispatchWallMilliseconds,gpuQueryWaitMilliseconds,gpuReadbackWaitMilliseconds,frameFenceWaitMilliseconds,renderMilliseconds,cpuGpuUploadBytes,cpuGpuReadbackBytes,splitMilliseconds,mergeMilliseconds,emitMilliseconds,validateMilliseconds,maxDepthReached
Classic CPU ROAM,RelWithDebInfo,OpenGL,NVIDIA GeForce RTX 5090 D/PCIe/SSE2,4.3.0 NVIDIA 591.86,false,assets/heightmaps/Hm_Terrain_Peking_513.png,547,547,80.000,12.000,20,0.250,0.100,200000,0.000,58.000,20.000,0.000,0.755,200000,399998,199998,199998,99941,0,233559,200000,33559,0,1369743,1,200000,0,1,796,0,0,0,1,99.790,740.180,735.915,96.514,0.000,0.000,0.000,0.000,0.001,385.659,0.000,180.266,70.957,4.244,0.000,0.000,0.000,0.000,0.000,0.000,0.000,0.000,0.000,0.000,0.000,0.000,0.000,0.000,0.000,0.000,33600000,0,385.660,0.000,180.266,0.000,20
Classic CPU ROAM,RelWithDebInfo,OpenGL,NVIDIA GeForce RTX 5090 D/PCIe/SSE2,4.3.0 NVIDIA 591.86,false,assets/heightmaps/Hm_Terrain_Peking_513.png,547,547,80.000,12.000,20,0.250,0.100,200000,1.536,33.021,22.808,47.682,1536.004,200000,574424,199998,87394,43679,87394,238350,200000,33918,33709,1092743,0,200000,0,1,16475,0,0,0,1,99.402,603.193,597.318,7.545,19.584,118.968,0.000,0.000,49.795,194.774,0.000,142.868,61.226,5.860,0.000,0.000,0.000,0.000,0.000,0.000,0.000,0.000,0.000,0.000,0.000,0.000,0.000,0.000,0.000,0.000,33600000,0,244.569,138.552,142.868,0.000,20
Classic CPU ROAM,RelWithDebInfo,OpenGL,NVIDIA GeForce RTX 5090 D/PCIe/SSE2,4.3.0 NVIDIA 591.86,false,assets/heightmaps/Hm_Terrain_Peking_513.png,547,547,80.000,12.000,20,0.250,0.100,200000,2.140,13.013,21.312,56.521,603.850,200000,655114,199998,45848,23086,45848,235909,200000,33702,19095,569752,0,183737,16263,7472,9520,0,0,0,1,95.190,400.471,393.889,7.171,19.641,65.455,0.000,0.000,50.510,101.167,0.000,88.090,60.610,6.506,0.000,0.000,0.000,0.000,0.000,0.000,0.000,0.000,0.000,0.000,0.000,0.000,0.000,0.000,0.000,0.000,30867816,0,151.677,85.096,88.090,0.000,20
Classic CPU ROAM,RelWithDebInfo,OpenGL,NVIDIA GeForce RTX 5090 D/PCIe/SSE2,4.3.0 NVIDIA 591.86,false,assets/heightmaps/Hm_Terrain_Peking_513.png,547,547,80.000,12.000,20,0.250,0.100,200000,2.541,-1.498,19.845,57.981,401.269,200000,718748,199998,36097,18052,36097,234558,200000,33501,12570,430989,0,148906,51094,18666,5955,0,0,0,1,94.580,340.216,330.303,8.315,18.662,47.613,0.000,0.000,51.437,77.535,0.000,65.043,60.746,9.780,0.000,0.000,0.000,0.000,0.000,0.000,0.000,0.000,0.000,0.000,0.000,0.000,0.000,0.000,0.000,0.000,25016208,0,128.972,66.276,65.043,0.000,20
Classic CPU ROAM,RelWithDebInfo,OpenGL,NVIDIA GeForce RTX 5090 D/PCIe/SSE2,4.3.0 NVIDIA 591.86,false,assets/heightmaps/Hm_Terrain_Peking_513.png,547,547,80.000,12.000,20,0.250,0.100,200000,2.882,-13.786,18.615,56.338,340.830,200000,768506,199998,29180,14748,29180,234015,200000,33619,10085,348318,0,124811,75189,23737,5382,0,0,0,1,101.431,304.059,292.387,8.162,19.655,37.950,0.000,0.000,51.468,61.544,0.000,55.672,57.162,11.329,0.000,0.000,0.000,0.000,0.000,0.000,0.000,0.000,0.000,0.000,0.000,0.000,0.000,0.000,0.000,0.000,20968248,0,113.013,57.605,55.672,0.000,20
Classic CPU ROAM,RelWithDebInfo,OpenGL,NVIDIA GeForce RTX 5090 D/PCIe/SSE2,4.3.0 NVIDIA 591.86,false,assets/heightmaps/Hm_Terrain_Peking_513.png,547,547,80.000,12.000,20,0.250,0.100,200000,3.187,-24.254,17.721,52.685,304.685,200000,815556,199998,30438,15441,30438,234333,200000,33449,8495,358436,0,112102,87898,24757,3329,0,0,0,1,99.633,309.283,297.850,7.171,19.608,37.521,0.000,0.000,51.601,65.224,0.000,56.380,59.584,11.283,0.000,0.000,0.000,0.000,0.000,0.000,0.000,0.000,0.000,0.000,0.000,0.000,0.000,0.000,0.000,0.000,18833136,0,116.825,57.130,56.380,0.000,20
Classic CPU ROAM,RelWithDebInfo,OpenGL,NVIDIA GeForce RTX 5090 D/PCIe/SSE2,4.3.0 NVIDIA 591.86,false,assets/heightmaps/Hm_Terrain_Peking_513.png,547,547,80.000,12.000,20,0.250,0.100,200000,3.497,-33.990,17.151,46.997,309.920,200000,864992,199998,31636,15897,31636,234460,200000,33427,8345,371626,0,109170,90830,25189,3148,0,0,0,1,95.271,306.723,295.065,7.700,19.574,36.885,0.000,0.000,50.744,67.128,0.000,54.365,57.886,11.480,0.000,0.000,0.000,0.000,0.000,0.000,0.000,0.000,0.000,0.000,0.000,0.000,0.000,0.000,0.000,0.000,18340560,0,117.872,56.459,54.365,0.000,20
Classic CPU ROAM,RelWithDebInfo,OpenGL,NVIDIA GeForce RTX 5090 D/PCIe/SSE2,4.3.0 NVIDIA 591.86,false,assets/heightmaps/Hm_Terrain_Peking_513.png,547,547,80.000,12.000,20,0.250,0.100,200000,3.804,-42.376,17.007,39.601,307.309,200000,909638,199998,30670,15442,30670,234051,200000,33340,10409,353101,0,112477,87523,25553,4817,0,0,0,1,100.797,306.144,294.384,8.256,17.674,39.139,0.000,0.000,50.982,62.931,0.000,54.088,60.506,11.584,0.000,0.000,0.000,0.000,0.000,0.000,0.000,0.000,0.000,0.000,0.000,0.000,0.000,0.000,0.000,0.000,18896136,0,113.913,56.813,54.088,0.000,20
Classic CPU ROAM,RelWithDebInfo,OpenGL,NVIDIA GeForce RTX 5090 D/PCIe/SSE2,4.3.0 NVIDIA 591.86,false,assets/heightmaps/Hm_Terrain_Peking_513.png,547,547,80.000,12.000,20,0.250,0.100,200000,4.111,-49.182,17.303,30.743,307.012,200000,955156,199998,32621,16375,32621,234125,200000,33465,10442,379041,0,116026,83974,26241,5665,0,0,0,1,99.802,324.785,312.987,8.519,19.891,41.392,0.000,0.000,51.766,69.929,0.000,57.658,62.844,11.630,0.000,0.000,0.000,0.000,0.000,0.000,0.000,0.000,0.000,0.000,0.000,0.000,0.000,0.000,0.000,0.000,19492368,0,121.696,61.283,57.658,0.000,20
Classic CPU ROAM,RelWithDebInfo,OpenGL,NVIDIA GeForce RTX 5090 D/PCIe/SSE2,4.3.0 NVIDIA 591.86,false,assets/heightmaps/Hm_Terrain_Peking_513.png,547,547,80.000,12.000,20,0.250,0.100,200000,4.436,-54.401,18.048,20.114,325.468,200000,997374,199998,28606,14422,28606,234540,200000,33461,9561,342076,0,116029,83971,26277,4407,0,0,0,1,97.073,301.346,289.592,6.888,20.179,37.754,0.000,0.000,50.956,62.655,0.000,51.753,58.655,11.582,0.000,0.000,0.000,0.000,0.000,0.000,0.000,0.000,0.000,0.000,0.000,0.000,0.000,0.000,0.000,0.000,19492872,0,113.611,57.933,51.753,0.000,20
Classic CPU ROAM,RelWithDebInfo,OpenGL,NVIDIA GeForce RTX 5090 D/PCIe/SSE2,4.3.0 NVIDIA 591.86,false,assets/heightmaps/Hm_Terrain_Peking_513.png,547,547,80.000,12.000,20,0.250,0.100,200000,4.738,-57.218,19.031,9.493,301.991,200000,1037234,199998,27652,14005,27652,234218,200000,33529,10070,327882,0,110973,89027,27502,5682,0,0,0,1,97.640,300.179,287.883,7.184,20.969,37.431,0.000,0.000,52.044,60.997,0.000,50.428,58.081,12.095,0.000,0.000,0.000,0.000,0.000,0.000,0.000,0.000,0.000,0.000,0.000,0.000,0.000,0.000,0.000,0.000,18643464,0,113.041,58.400,50.428,0.000,20
Classic CPU ROAM,RelWithDebInfo,OpenGL,NVIDIA GeForce RTX 5090 D/PCIe/SSE2,4.3.0 NVIDIA 591.86,false,assets/heightmaps/Hm_Terrain_Peking_513.png,547,547,80.000,12.000,20,0.250,0.100,200000,5.039,-57.982,20.147,-1.426,300.796,200000,1073972,199998,26805,13476,26805,234101,200000,33536,10588,318845,0,107889,92111,28623,6188,0,0,0,1,98.605,297.787,285.050,6.974,18.283,37.708,0.000,0.000,52.012,60.869,0.000,49.143,59.179,12.524,0.000,0.000,0.000,0.000,0.000,0.000,0.000,0.000,0.000,0.000,0.000,0.000,0.000,0.000,0.000,0.000,18125352,0,112.881,55.991,49.143,0.000,20
Classic CPU ROAM,RelWithDebInfo,OpenGL,NVIDIA GeForce RTX 5090 D/PCIe/SSE2,4.3.0 NVIDIA 591.86,false,assets/heightmaps/Hm_Terrain_Peking_513.png,547,547,80.000,12.000,20,0.250,0.100,200000,5.338,-56.701,21.235,-12.207,298.371,200000,1108980,199998,24413,12308,24413,233969,200000,33547,8947,291165,0,103509,96491,29488,4514,0,0,0,1,103.152,285.477,272.496,7.054,19.064,32.930,0.000,0.000,54.897,53.190,0.000,44.959,59.735,12.782,0.000,0.000,0.000,0.000,0.000,0.000,0.000,0.000,0.000,0.000,0.000,0.000,0.000,0.000,0.000,0.000,17389512,0,108.088,51.995,44.959,0.000,20
Classic CPU ROAM,RelWithDebInfo,OpenGL,NVIDIA GeForce RTX 5090 D/PCIe/SSE2,4.3.0 NVIDIA 591.86,false,assets/heightmaps/Hm_Terrain_Peking_513.png,547,547,80.000,12.000,20,0.250,0.100,200000,5.624,-53.605,22.117,-22.147,286.060,200000,1142328,199998,25755,13006,25755,234244,200000,33607,6751,308054,0,101019,98981,28699,2566,0,0,0,1,97.433,285.157,272.459,6.882,20.114,30.850,0.000,0.000,51.420,56.940,0.000,46.442,59.174,12.500,0.000,0.000,0.000,0.000,0.000,0.000,0.000,0.000,0.000,0.000,0.000,0.000,0.000,0.000,0.000,0.000,16971192,0,108.361,50.963,46.442,0.000,20
Classic CPU ROAM,RelWithDebInfo,OpenGL,NVIDIA GeForce RTX 5090 D/PCIe/SSE2,4.3.0 NVIDIA 591.86,false,assets/heightmaps/Hm_Terrain_Peking_513.png,547,547,80.000,12.000,20,0.250,0.100,200000,5.909,-48.788,22.729,-31.365,285.767,200000,1175896,199998,26215,13245,26215,234589,200000,33930,7242,313897,0,95999,104001,29122,5529,0,0,0,1,97.183,286.141,273.147,6.983,20.096,31.665,0.000,0.000,51.483,57.984,0.000,46.846,57.222,12.781,0.000,0.000,0.000,0.000,0.000,0.000,0.000,0.000,0.000,0.000,0.000,0.000,0.000,0.000,0.000,0.000,16127832,0,109.467,51.761,46.846,0.000,20
Classic CPU ROAM,RelWithDebInfo,OpenGL,NVIDIA GeForce RTX 5090 D/PCIe/SSE2,4.3.0 NVIDIA 591.86,false,assets/heightmaps/Hm_Terrain_Peking_513.png,547,547,80.000,12.000,20,0.250,0.100,200000,6.196,-42.378,22.993,-39.600,286.753,200000,1204310,199998,27771,14031,27771,234556,200000,34241,9313,335579,0,97755,102245,29395,5539,0,0,0,1,100.946,306.741,293.929,6.920,18.449,36.159,0.000,0.000,51.676,61.479,0.000,54.275,63.920,12.613,0.000,0.000,0.000,0.000,0.000,0.000,0.000,0.000,0.000,0.000,0.000,0.000,0.000,0.000,0.000,0.000,16422840,0,113.154,54.608,54.275,0.000,20
Classic CPU ROAM,RelWithDebInfo,OpenGL,NVIDIA GeForce RTX 5090 D/PCIe/SSE2,4.3.0 NVIDIA 591.86,false,assets/heightmaps/Hm_Terrain_Peking_513.png,547,547,80.000,12.000,20,0.250,0.100,200000,6.504,-33.984,22.849,-47.001,307.568,200000,1235854,199998,30042,15112,30042,234662,200000,34210,12169,359121,0,106735,93265,30222,7432,0,0,0,1,100.820,340.020,325.223,6.760,19.366,44.359,0.000,0.000,52.193,67.915,0.000,57.551,75.857,14.528,0.000,0.000,0.000,0.000,0.000,0.000,0.000,0.000,0.000,0.000,0.000,0.000,0.000,0.000,0.000,0.000,17931480,0,120.108,63.725,57.551,0.000,20
Classic CPU ROAM,RelWithDebInfo,OpenGL,NVIDIA GeForce RTX 5090 D/PCIe/SSE2,4.3.0 NVIDIA 591.86,false,assets/heightmaps/Hm_Terrain_Peking_513.png,547,547,80.000,12.000,20,0.250,0.100,200000,6.846,-23.158,22.196,-53.176,342.653,200000,1271506,199998,29460,14866,29460,234679,200000,34085,11700,356611,0,113423,86577,29997,5663,0,0,0,1,97.521,333.399,320.269,8.708,20.935,45.480,0.000,0.000,55.824,69.804,0.000,54.034,64.655,12.919,0.000,0.000,0.000,0.000,0.000,0.000,0.000,0.000,0.000,0.000,0.000,0.000,0.000,0.000,0.000,0.000,19055064,0,125.627,66.415,54.034,0.000,20
Classic CPU ROAM,RelWithDebInfo,OpenGL,NVIDIA GeForce RTX 5090 D/PCIe/SSE2,4.3.0 NVIDIA 591.86,false,assets/heightmaps/Hm_Terrain_Peking_513.png,547,547,80.000,12.000,20,0.250,0.100,200000,7.181,-11.562,21.172,-56.836,334.301,200000,1309988,199998,29923,15120,29923,234777,200000,33743,11033,357640,0,112680,87320,30041,6361,0,0,0,1,102.898,316.685,303.524,7.066,18.495,41.315,0.000,0.000,52.414,64.797,0.000,56.681,61.651,12.952,0.000,0.000,0.000,0.000,0.000,0.000,0.000,0.000,0.000,0.000,0.000,0.000,0.000,0.000,0.000,0.000,18930240,0,117.210,59.810,56.681,0.000,20
Classic CPU ROAM,RelWithDebInfo,OpenGL,NVIDIA GeForce RTX 5090 D/PCIe/SSE2,4.3.0 NVIDIA 591.86,false,assets/heightmaps/Hm_Terrain_Peking_513.png,547,547,80.000,12.000,20,0.250,0.100,200000,7.498,-0.075,20.008,-58.000,317.349,200000,1342538,199998,28192,14212,28192,234326,200000,33551,10035,331830,0,110154,89846,30818,5911,0,0,0,1,97.193,302.677,289.211,7.189,19.945,38.191,0.000,0.000,51.786,61.559,0.000,51.359,58.338,13.263,0.000,0.000,0.000,0.000,0.000,0.000,0.000,0.000,0.000,0.000,0.000,0.000,0.000,0.000,0.000,0.000,18505872,0,113.345,58.136,51.359,0.000,20
Classic CPU ROAM,RelWithDebInfo,OpenGL,NVIDIA GeForce RTX 5090 D/PCIe/SSE2,4.3.0 NVIDIA 591.86,false,assets/heightmaps/Hm_Terrain_Peking_513.png,547,547,80.000,12.000,20,0.250,0.100,200000,7.801,10.917,18.891,-56.963,303.420,200000,1367226,199998,25566,12863,25566,234020,200000,33636,9794,303789,0,105964,94036,31629,6628,0,0,0,1,101.663,290.232,276.450,6.810,19.909,34.866,0.000,0.000,51.915,56.729,0.000,47.496,57.484,13.542,0.000,0.000,0.000,0.000,0.000,0.000,0.000,0.000,0.000,0.000,0.000,0.000,0.000,0.000,0.000,0.000,17801952,0,108.645,54.776,47.496,0.000,20
Classic CPU ROAM,RelWithDebInfo,OpenGL,NVIDIA GeForce RTX 5090 D/PCIe/SSE2,4.3.0 NVIDIA 591.86,false,assets/heightmaps/Hm_Terrain_Peking_513.png,547,547,80.000,12.000,20,0.250,0.100,200000,8.092,21.088,17.968,-54.031,290.852,200000,1395234,199998,27386,13920,27386,234055,200000,33268,8042,322074,0,107008,92992,31133,5317,0,0,0,1,93.944,296.976,282.555,7.140,19.390,33.725,0.000,0.000,52.599,60.036,0.000,49.731,59.025,14.191,0.000,0.000,0.000,0.000,0.000,0.000,0.000,0.000,0.000,0.000,0.000,0.000,0.000,0.000,0.000,0.000,17977344,0,112.635,53.115,49.731,0.000,20
Classic CPU ROAM,RelWithDebInfo,OpenGL,NVIDIA GeForce RTX 5090 D/PCIe/SSE2,4.3.0 NVIDIA 591.86,false,assets/heightmaps/Hm_Terrain_Peking_513.png,547,547,80.000,12.000,20,0.250,0.100,200000,8.391,30.793,17.301,-49.151,298.523,200000,1429704,199998,30822,15541,30822,234108,200000,33323,7936,360385,0,105223,94777,30907,5178,0,0,0,1,97.842,316.765,303.240,8.191,19.740,37.551,0.000,0.000,52.523,68.772,0.000,54.457,61.122,13.304,0.000,0.000,0.000,0.000,0.000,0.000,0.000,0.000,0.000,0.000,0.000,0.000,0.000,0.000,0.000,0.000,17677464,0,121.295,57.291,54.457,0.000,20
Classic CPU ROAM,RelWithDebInfo,OpenGL,NVIDIA GeForce RTX 5090 D/PCIe/SSE2,4.3.0 NVIDIA 591.86,false,assets/heightmaps/Hm_Terrain_Peking_513.png,547,547,80.000,12.000,20,0.250,0.100,200000,8.708,39.920,17.004,-42.076,317.428,200000,1456052,199998,32302,16271,32302,234387,200000,33573,9901,380616,0,110551,89449,31214,4364,0,0,0,1,102.102,319.330,305.877,7.675,19.173,39.660,0.000,0.000,50.880,70.472,0.000,57.310,59.871,13.227,0.000,0.000,0.000,0.000,0.000,0.000,0.000,0.000,0.000,0.000,0.000,0.000,0.000,0.000,0.000,0.000,18572568,0,121.352,58.833,57.310,0.000,20
Classic CPU ROAM,RelWithDebInfo,OpenGL,NVIDIA GeForce RTX 5090 D/PCIe/SSE2,4.3.0 NVIDIA 591.86,false,assets/heightmaps/Hm_Terrain_Peking_513.png,547,547,80.000,12.000,20,0.250,0.100,200000,9.028,47.517,17.181,-33.258,319.910,200000,1476104,199998,34110,17101,34110,234237,200000,33593,11437,394912,0,118107,81893,31114,6503,0,0,0,1,96.527,337.450,323.544,7.480,19.876,43.811,0.000,0.000,51.157,73.728,0.000,64.224,62.340,13.669,0.000,0.000,0.000,0.000,0.000,0.000,0.000,0.000,0.000,0.000,0.000,0.000,0.000,0.000,0.000,0.000,19841976,0,124.885,63.687,64.224,0.000,20
Classic CPU ROAM,RelWithDebInfo,OpenGL,NVIDIA GeForce RTX 5090 D/PCIe/SSE2,4.3.0 NVIDIA 591.86,false,assets/heightmaps/Hm_Terrain_Peking_513.png,547,547,80.000,12.000,20,0.250,0.100,200000,9.366,53.463,17.856,-22.489,338.194,200000,1491294,199998,30348,15312,30348,234745,200000,33634,10049,364327,0,120112,79888,31107,5210,0,0,0,1,98.713,314.143,300.571,6.655,19.796,39.276,0.000,0.000,53.194,67.766,0.000,56.030,57.016,13.360,0.000,0.000,0.000,0.000,0.000,0.000,0.000,0.000,0.000,0.000,0.000,0.000,0.000,0.000,0.000,0.000,20178816,0,120.959,59.071,56.030,0.000,20
Classic CPU ROAM,RelWithDebInfo,OpenGL,NVIDIA GeForce RTX 5090 D/PCIe/SSE2,4.3.0 NVIDIA 591.86,false,assets/heightmaps/Hm_Terrain_Peking_513.png,547,547,80.000,12.000,20,0.250,0.100,200000,9.681,56.839,18.830,-11.545,314.775,200000,1496756,199998,28853,14587,28853,234310,200000,33578,10439,343044,0,115158,84842,31882,7263,0,0,0,1,101.561,306.006,292.125,6.931,19.817,38.251,0.000,0.000,51.051,63.136,0.000,53.368,58.508,13.659,0.000,0.000,0.000,0.000,0.000,0.000,0.000,0.000,0.000,0.000,0.000,0.000,0.000,0.000,0.000,0.000,19346544,0,114.187,58.067,53.368,0.000,20
Classic CPU ROAM,RelWithDebInfo,OpenGL,NVIDIA GeForce RTX 5090 D/PCIe/SSE2,4.3.0 NVIDIA 591.86,false,assets/heightmaps/Hm_Terrain_Peking_513.png,547,547,80.000,12.000,20,0.250,0.100,200000,9.988,57.998,19.953,-0.450,306.605,200000,1496858,199998,26790,13521,26790,234167,200000,33560,10762,320196,0,111028,88972,33149,7398,0,0,0,1,97.888,301.129,287.130,8.255,20.126,37.419,0.000,0.000,51.977,59.809,0.000,50.083,58.196,13.769,0.000,0.000,0.000,0.000,0.000,0.000,0.000,0.000,0.000,0.000,0.000,0.000,0.000,0.000,0.000,0.000,18652704,0,111.786,57.545,50.083,0.000,20
Classic CPU ROAM,RelWithDebInfo,OpenGL,NVIDIA GeForce RTX 5090 D/PCIe/SSE2,4.3.0 NVIDIA 591.86,false,assets/heightmaps/Hm_Terrain_Peking_513.png,547,547,80.000,12.000,20,0.250,0.100,200000,10.000,58.000,20.000,0.000,301.766,200000,1496858,199998,1076,575,1076,233568,200000,33559,455,12287,0,61995,138005,28521,1790,0,0,0,1,103.040,163.605,151.580,7.188,19.737,1.690,0.000,0.000,50.748,2.476,0.000,7.280,61.912,11.928,0.000,0.000,0.000,0.000,0.000,0.000,0.000,0.000,0.000,0.000,0.000,0.000,0.000,0.000,0.000,0.000,10415160,0,53.224,21.428,7.280,0.000,20
Data-Oriented CPU ROAM,RelWithDebInfo,OpenGL,NVIDIA GeForce RTX 5090 D/PCIe/SSE2,4.3.0 NVIDIA 591.86,false,assets/heightmaps/Hm_Terrain_Peking_513.png,547,547,80.000,12.000,20,0.250,0.100,200000,0.000,58.000,20.000,0.000,1017.833,199999,399996,199997,199997,99941,0,233557,199999,33558,0,1369733,0,0,0,0,1,0,0,0,8,100.020,757.185,749.847,96.148,0.000,0.004,0.000,0.000,0.002,590.585,0.000,13.784,49.322,6.541,0.000,0.000,0.000,0.000,0.000,0.000,0.000,0.000,0.000,0.000,0.000,0.000,0.000,0.000,0.000,0.000,33599832,0,590.587,0.005,13.784,0.000,20
Data-Oriented CPU ROAM,RelWithDebInfo,OpenGL,NVIDIA GeForce RTX 5090 D/PCIe/SSE2,4.3.0 NVIDIA 591.86,false,assets/heightmaps/Hm_Terrain_Peking_513.png,547,547,80.000,12.000,20,0.250,0.100,200000,0.758,51.546,22.445,26.590,757.987,199999,513160,199997,56718,28433,56718,236564,199999,34135,19023,718147,0,0,0,0,19024,0,0,0,8,121.996,452.682,448.268,7.227,3.227,46.282,0.000,0.000,13.410,325.668,0.000,14.093,38.360,3.618,0.000,0.000,0.000,0.000,0.000,0.000,0.000,0.000,0.000,0.000,0.000,0.000,0.000,0.000,0.000,0.000,33599832,0,339.078,49.509,14.093,0.000,20
Data-Oriented CPU ROAM,RelWithDebInfo,OpenGL,NVIDIA GeForce RTX 5090 D/PCIe/SSE2,4.3.0 NVIDIA 591.86,false,assets/heightmaps/Hm_Terrain_Peking_513.png,547,547,80.000,12.000,20,0.250,0.100,200000,1.211,41.999,22.996,40.001,453.256,199999,584986,199997,39841,20023,39841,235559,199999,34186,13123,486609,0,0,0,0,13124,0,0,0,8,110.140,346.612,340.469,6.595,3.297,34.465,0.000,0.000,15.177,227.915,0.000,14.862,38.156,5.338,0.000,0.000,0.000,0.000,0.000,0.000,0.000,0.000,0.000,0.000,0.000,0.000,0.000,0.000,0.000,0.000,33599832,0,243.093,37.762,14.862,0.000,20
Data-Oriented CPU ROAM,RelWithDebInfo,OpenGL,NVIDIA GeForce RTX 5090 D/PCIe/SSE2,4.3.0 NVIDIA 591.86,false,assets/heightmaps/Hm_Terrain_Peking_513.png,547,547,80.000,12.000,20,0.250,0.100,200000,1.558,32.346,22.777,48.143,347.193,200000,640092,199998,33393,16712,33392,234757,200000,33909,13907,392936,0,0,0,0,13908,0,0,0,8,132.416,323.161,318.593,7.436,3.729,14.671,0.000,0.000,14.570,223.314,0.000,14.945,39.928,3.770,0.000,0.000,0.000,0.000,0.000,0.000,0.000,0.000,0.000,0.000,0.000,0.000,0.000,0.000,0.000,0.000,33600000,0,237.884,18.400,14.945,0.000,20
Data-Oriented CPU ROAM,RelWithDebInfo,OpenGL,NVIDIA GeForce RTX 5090 D/PCIe/SSE2,4.3.0 NVIDIA 591.86,false,assets/heightmaps/Hm_Terrain_Peking_513.png,547,547,80.000,12.000,20,0.250,0.100,200000,1.882,21.956,22.102,53.684,323.687,199999,683662,199997,27829,14069,27830,234378,199999,33717,11316,335133,0,0,0,0,11317,0,0,0,8,173.206,293.289,288.668,7.228,3.435,13.825,0.000,0.000,15.689,191.290,0.000,14.690,42.511,3.777,0.000,0.000,0.000,0.000,0.000,0.000,0.000,0.000,0.000,0.000,0.000,0.000,0.000,0.000,0.000,0.000,33599832,0,206.979,17.260,14.690,0.000,20
Data-Oriented CPU ROAM,RelWithDebInfo,OpenGL,NVIDIA GeForce RTX 5090 D/PCIe/SSE2,4.3.0 NVIDIA 591.86,false,assets/heightmaps/Hm_Terrain_Peking_513.png,547,547,80.000,12.000,20,0.250,0.100,200000,2.176,11.724,21.188,56.803,293.922,199999,727102,199997,27262,13759,27262,234300,199999,33761,9990,324798,0,0,0,0,9991,0,0,0,8,134.611,283.407,278.573,7.648,3.694,18.890,0.000,0.000,16.309,173.340,0.000,16.866,41.827,4.041,0.000,0.000,0.000,0.000,0.000,0.000,0.000,0.000,0.000,0.000,0.000,0.000,0.000,0.000,0.000,0.000,33599832,0,189.649,22.584,16.866,0.000,20
Data-Oriented CPU ROAM,RelWithDebInfo,OpenGL,NVIDIA GeForce RTX 5090 D/PCIe/SSE2,4.3.0 NVIDIA 591.86,false,assets/heightmaps/Hm_Terrain_Peking_513.png,547,547,80.000,12.000,20,0.250,0.100,200000,2.460,1.456,20.151,57.982,284.011,199999,771494,199997,27566,13772,27566,234155,199999,33562,9618,328199,0,0,0,0,9619,0,0,0,8,138.584,286.556,281.862,6.553,3.249,21.338,0.000,0.000,17.279,175.072,0.000,18.747,39.623,3.823,0.000,0.000,0.000,0.000,0.000,0.000,0.000,0.000,0.000,0.000,0.000,0.000,0.000,0.000,0.000,0.000,33599832,0,192.351,24.588,18.747,0.000,20
Data-Oriented CPU ROAM,RelWithDebInfo,OpenGL,NVIDIA GeForce RTX 5090 D/PCIe/SSE2,4.3.0 NVIDIA 591.86,false,assets/heightmaps/Hm_Terrain_Peking_513.png,547,547,80.000,12.000,20,0.250,0.100,200000,2.747,-8.971,19.083,57.302,287.109,200000,816076,199998,25411,12737,25410,233779,200000,33517,8850,300232,0,0,0,0,8851,0,0,0,8,182.006,279.260,274.710,7.556,3.731,20.763,0.000,0.000,16.372,163.623,0.000,18.132,44.534,3.773,0.000,0.000,0.000,0.000,0.000,0.000,0.000,0.000,0.000,0.000,0.000,0.000,0.000,0.000,0.000,0.000,33600000,0,179.995,24.494,18.132,0.000,20
Data-Oriented CPU ROAM,RelWithDebInfo,OpenGL,NVIDIA GeForce RTX 5090 D/PCIe/SSE2,4.3.0 NVIDIA 591.86,false,assets/heightmaps/Hm_Terrain_Peking_513.png,547,547,80.000,12.000,20,0.250,0.100,200000,3.027,-18.860,18.155,54.848,279.953,199999,858046,199997,26469,13435,26470,234005,199999,33503,8011,314713,0,0,0,0,8012,0,0,0,8,100.667,283.932,279.380,6.444,3.635,26.990,0.000,0.000,16.269,168.980,0.000,13.962,43.099,3.745,0.000,0.000,0.000,0.000,0.000,0.000,0.000,0.000,0.000,0.000,0.000,0.000,0.000,0.000,0.000,0.000,33599832,0,185.250,30.624,13.962,0.000,20
Data-Oriented CPU ROAM,RelWithDebInfo,OpenGL,NVIDIA GeForce RTX 5090 D/PCIe/SSE2,4.3.0 NVIDIA 591.86,false,assets/heightmaps/Hm_Terrain_Peking_513.png,547,547,80.000,12.000,20,0.250,0.100,200000,3.312,-28.313,17.444,50.620,284.531,199999,904658,199997,30165,15189,30165,234257,199999,33444,7794,357863,0,0,0,0,7795,0,0,0,8,131.566,325.197,320.653,6.971,3.858,35.783,0.000,0.000,16.912,201.826,0.000,14.863,40.440,3.740,0.000,0.000,0.000,0.000,0.000,0.000,0.000,0.000,0.000,0.000,0.000,0.000,0.000,0.000,0.000,0.000,33599832,0,218.738,39.641,14.863,0.000,20
Data-Oriented CPU ROAM,RelWithDebInfo,OpenGL,NVIDIA GeForce RTX 5090 D/PCIe/SSE2,4.3.0 NVIDIA 591.86,false,assets/heightmaps/Hm_Terrain_Peking_513.png,547,547,80.000,12.000,20,0.250,0.100,200000,3.637,-38.012,17.030,43.808,325.791,199999,952626,199997,32216,16175,32216,234304,199999,33400,9560,384674,0,0,0,0,9561,0,0,0,8,99.961,317.346,312.616,7.294,3.629,31.876,0.000,0.000,16.386,195.174,0.000,15.110,43.146,3.915,0.000,0.000,0.000,0.000,0.000,0.000,0.000,0.000,0.000,0.000,0.000,0.000,0.000,0.000,0.000,0.000,33599832,0,211.560,35.506,15.110,0.000,20
Data-Oriented CPU ROAM,RelWithDebInfo,OpenGL,NVIDIA GeForce RTX 5090 D/PCIe/SSE2,4.3.0 NVIDIA 591.86,false,assets/heightmaps/Hm_Terrain_Peking_513.png,547,547,80.000,12.000,20,0.250,0.100,200000,3.955,-45.948,17.099,35.394,317.904,199999,998480,199997,33204,16647,33204,233957,199999,33420,11374,387184,0,0,0,0,11375,0,0,0,8,102.411,340.525,335.651,7.206,3.573,27.245,0.000,0.000,15.956,224.035,0.000,14.997,42.638,4.098,0.000,0.000,0.000,0.000,0.000,0.000,0.000,0.000,0.000,0.000,0.000,0.000,0.000,0.000,0.000,0.000,33599832,0,239.992,30.818,14.997,0.000,20
Data-Oriented CPU ROAM,RelWithDebInfo,OpenGL,NVIDIA GeForce RTX 5090 D/PCIe/SSE2,4.3.0 NVIDIA 591.86,false,assets/heightmaps/Hm_Terrain_Peking_513.png,547,547,80.000,12.000,20,0.250,0.100,200000,4.296,-52.424,17.680,24.813,341.087,199999,1046094,199997,32887,16526,32887,234442,199999,33461,10607,392863,0,0,0,0,10608,0,0,0,8,135.793,326.525,322.175,7.250,3.945,28.706,0.000,0.000,15.906,206.561,0.000,17.731,42.076,3.591,0.000,0.000,0.000,0.000,0.000,0.000,0.000,0.000,0.000,0.000,0.000,0.000,0.000,0.000,0.000,0.000,33599832,0,222.467,32.651,17.731,0.000,20
Data-Oriented CPU ROAM,RelWithDebInfo,OpenGL,NVIDIA GeForce RTX 5090 D/PCIe/SSE2,4.3.0 NVIDIA 591.86,false,assets/heightmaps/Hm_Terrain_Peking_513.png,547,547,80.000,12.000,20,0.250,0.100,200000,4.624,-56.385,18.633,13.592,327.085,199999,1088546,199997,28996,14593,28996,234402,199999,33581,10191,349184,0,0,0,0,10192,0,0,0,8,172.917,303.010,298.188,7.021,3.606,23.222,0.000,0.000,16.938,191.192,0.000,16.272,39.936,4.064,0.000,0.000,0.000,0.000,0.000,0.000,0.000,0.000,0.000,0.000,0.000,0.000,0.000,0.000,0.000,0.000,33599832,0,208.130,26.828,16.272,0.000,20
Data-Oriented CPU ROAM,RelWithDebInfo,OpenGL,NVIDIA GeForce RTX 5090 D/PCIe/SSE2,4.3.0 NVIDIA 591.86,false,assets/heightmaps/Hm_Terrain_Peking_513.png,547,547,80.000,12.000,20,0.250,0.100,200000,4.927,-57.939,19.725,2.657,303.559,200000,1127470,199998,28074,14176,28073,234109,200000,33646,10843,334068,0,0,0,0,10844,0,0,0,8,173.940,300.951,296.433,6.611,3.400,17.118,0.000,0.000,16.539,194.985,0.000,14.811,42.968,3.750,0.000,0.000,0.000,0.000,0.000,0.000,0.000,0.000,0.000,0.000,0.000,0.000,0.000,0.000,0.000,0.000,33600000,0,211.524,20.518,14.811,0.000,20
Data-Oriented CPU ROAM,RelWithDebInfo,OpenGL,NVIDIA GeForce RTX 5090 D/PCIe/SSE2,4.3.0 NVIDIA 591.86,false,assets/heightmaps/Hm_Terrain_Peking_513.png,547,547,80.000,12.000,20,0.250,0.100,200000,5.229,-57.403,20.850,-8.302,301.526,200000,1162654,199998,24875,12462,24875,234088,200000,33650,10370,297692,0,0,0,0,10371,0,0,0,8,215.884,287.048,282.263,7.331,3.392,11.648,0.000,0.000,19.213,178.558,0.000,18.160,43.960,4.014,0.000,0.000,0.000,0.000,0.000,0.000,0.000,0.000,0.000,0.000,0.000,0.000,0.000,0.000,0.000,0.000,33600000,0,197.771,15.040,18.160,0.000,20
Data-Oriented CPU ROAM,RelWithDebInfo,OpenGL,NVIDIA GeForce RTX 5090 D/PCIe/SSE2,4.3.0 NVIDIA 591.86,false,assets/heightmaps/Hm_Terrain_Peking_513.png,547,547,80.000,12.000,20,0.250,0.100,200000,5.516,-54.976,21.812,-18.484,287.605,200000,1194928,199998,26141,13216,26141,234200,200000,33697,6883,315853,0,0,0,0,6884,0,0,0,8,178.627,293.413,288.655,7.053,3.548,32.756,0.000,0.000,16.980,165.584,0.000,19.677,43.056,3.996,0.000,0.000,0.000,0.000,0.000,0.000,0.000,0.000,0.000,0.000,0.000,0.000,0.000,0.000,0.000,0.000,33600000,0,182.564,36.304,19.677,0.000,20
Data-Oriented CPU ROAM,RelWithDebInfo,OpenGL,NVIDIA GeForce RTX 5090 D/PCIe/SSE2,4.3.0 NVIDIA 591.86,false,assets/heightmaps/Hm_Terrain_Peking_513.png,547,547,80.000,12.000,20,0.250,0.100,200000,5.810,-50.646,22.553,-28.266,293.957,200000,1230344,199998,26502,13331,26502,234517,200000,33980,7182,322231,0,0,0,0,7183,0,0,0,8,141.156,292.317,287.796,6.751,3.486,31.867,0.000,0.000,18.375,168.094,0.000,15.330,43.891,3.782,0.000,0.000,0.000,0.000,0.000,0.000,0.000,0.000,0.000,0.000,0.000,0.000,0.000,0.000,0.000,0.000,33600000,0,186.469,35.354,15.330,0.000,20
Data-Oriented CPU ROAM,RelWithDebInfo,OpenGL,NVIDIA GeForce RTX 5090 D/PCIe/SSE2,4.3.0 NVIDIA 591.86,false,assets/heightmaps/Hm_Terrain_Peking_513.png,547,547,80.000,12.000,20,0.250,0.100,200000,6.103,-44.615,22.949,-37.061,293.063,200000,1259164,199998,27523,13875,27523,234629,200000,33975,8549,329975,0,0,0,0,8550,0,0,0,8,213.564,297.187,292.646,7.602,3.691,27.140,0.000,0.000,16.729,177.455,0.000,14.971,45.058,3.726,0.000,0.000,0.000,0.000,0.000,0.000,0.000,0.000,0.000,0.000,0.000,0.000,0.000,0.000,0.000,0.000,33600000,0,194.184,30.830,14.971,0.000,20
Data-Oriented CPU ROAM,RelWithDebInfo,OpenGL,NVIDIA GeForce RTX 5090 D/PCIe/SSE2,4.3.0 NVIDIA 591.86,false,assets/heightmaps/Hm_Terrain_Peking_513.png,547,547,80.000,12.000,20,0.250,0.100,200000,6.401,-36.942,22.946,-44.713,297.771,199999,1287114,199997,29986,14977,29987,234667,199999,34205,11598,360841,0,0,0,0,11599,0,0,0,8,166.020,315.056,310.576,6.720,3.535,18.999,0.000,0.000,19.484,202.502,0.000,15.497,43.839,3.737,0.000,0.000,0.000,0.000,0.000,0.000,0.000,0.000,0.000,0.000,0.000,0.000,0.000,0.000,0.000,0.000,33599832,0,221.986,22.535,15.497,0.000,20
Data-Oriented CPU ROAM,RelWithDebInfo,OpenGL,NVIDIA GeForce RTX 5090 D/PCIe/SSE2,4.3.0 NVIDIA 591.86,false,assets/heightmaps/Hm_Terrain_Peking_513.png,547,547,80.000,12.000,20,0.250,0.100,200000,6.717,-27.404,22.499,-51.118,315.787,200000,1318254,199998,28825,14510,28824,234791,200000,34112,12180,347404,0,0,0,0,12181,0,0,0,8,135.858,315.208,310.518,6.813,3.506,12.839,0.000,0.000,19.511,204.118,0.000,18.915,44.816,3.909,0.000,0.000,0.000,0.000,0.000,0.000,0.000,0.000,0.000,0.000,0.000,0.000,0.000,0.000,0.000,0.000,33600000,0,223.629,16.344,18.915,0.000,20
Data-Oriented CPU ROAM,RelWithDebInfo,OpenGL,NVIDIA GeForce RTX 5090 D/PCIe/SSE2,4.3.0 NVIDIA 591.86,false,assets/heightmaps/Hm_Terrain_Peking_513.png,547,547,80.000,12.000,20,0.250,0.100,200000,7.033,-16.790,21.663,-55.517,315.794,199999,1351668,199997,27637,13930,27638,234702,199999,33967,10256,336410,0,0,0,0,10257,0,0,0,8,168.450,338.587,333.923,6.652,3.473,18.480,0.000,0.000,18.955,224.312,0.000,18.511,43.540,3.903,0.000,0.000,0.000,0.000,0.000,0.000,0.000,0.000,0.000,0.000,0.000,0.000,0.000,0.000,0.000,0.000,33599832,0,243.267,21.953,18.511,0.000,20
Data-Oriented CPU ROAM,RelWithDebInfo,OpenGL,NVIDIA GeForce RTX 5090 D/PCIe/SSE2,4.3.0 NVIDIA 591.86,false,assets/heightmaps/Hm_Terrain_Peking_513.png,547,547,80.000,12.000,20,0.250,0.100,200000,7.372,-4.670,20.482,-57.812,339.126,199999,1386068,199997,30104,15169,30104,234612,199999,33606,10918,360175,0,0,0,0,10919,0,0,0,8,167.964,320.851,316.282,6.750,3.314,20.679,0.000,0.000,20.186,207.701,0.000,15.485,42.165,3.741,0.000,0.000,0.000,0.000,0.000,0.000,0.000,0.000,0.000,0.000,0.000,0.000,0.000,0.000,0.000,0.000,33599832,0,227.887,23.993,15.485,0.000,20
Data-Oriented CPU ROAM,RelWithDebInfo,OpenGL,NVIDIA GeForce RTX 5090 D/PCIe/SSE2,4.3.0 NVIDIA 591.86,false,assets/heightmaps/Hm_Terrain_Peking_513.png,547,547,80.000,12.000,20,0.250,0.100,200000,7.693,7.027,19.278,-57.573,321.581,199999,1412850,199997,27626,13858,27626,234090,199999,33736,10624,327354,0,0,0,0,10625,0,0,0,8,131.417,301.833,297.235,6.935,3.570,17.324,0.000,0.000,20.569,191.668,0.000,15.476,41.693,3.847,0.000,0.000,0.000,0.000,0.000,0.000,0.000,0.000,0.000,0.000,0.000,0.000,0.000,0.000,0.000,0.000,33599832,0,212.237,20.894,15.476,0.000,20
Data-Oriented CPU ROAM,RelWithDebInfo,OpenGL,NVIDIA GeForce RTX 5090 D/PCIe/SSE2,4.3.0 NVIDIA 591.86,false,assets/heightmaps/Hm_Terrain_Peking_513.png,547,547,80.000,12.000,20,0.250,0.100,200000,7.996,17.780,18.249,-55.208,302.576,200000,1439096,199998,27527,13898,27526,234246,200000,33282,8521,328217,0,0,0,0,8522,0,0,0,8,137.298,311.677,307.261,7.497,3.595,27.277,0.000,0.000,18.800,190.181,0.000,14.886,45.024,3.672,0.000,0.000,0.000,0.000,0.000,0.000,0.000,0.000,0.000,0.000,0.000,0.000,0.000,0.000,0.000,0.000,33600000,0,208.982,30.872,14.886,0.000,20
Data-Oriented CPU ROAM,RelWithDebInfo,OpenGL,NVIDIA GeForce RTX 5090 D/PCIe/SSE2,4.3.0 NVIDIA 591.86,false,assets/heightmaps/Hm_Terrain_Peking_513.png,547,547,80.000,12.000,20,0.250,0.100,200000,8.308,28.203,17.451,-50.681,312.332,200000,1473012,199998,31338,15782,31338,234228,200000,33279,8561,374643,0,0,0,0,8562,0,0,0,8,167.046,322.702,318.021,7.407,3.807,37.842,0.000,0.000,16.569,196.031,0.000,15.402,40.962,3.886,0.000,0.000,0.000,0.000,0.000,0.000,0.000,0.000,0.000,0.000,0.000,0.000,0.000,0.000,0.000,0.000,33600000,0,212.600,41.649,15.402,0.000,20
Data-Oriented CPU ROAM,RelWithDebInfo,OpenGL,NVIDIA GeForce RTX 5090 D/PCIe/SSE2,4.3.0 NVIDIA 591.86,false,assets/heightmaps/Hm_Terrain_Peking_513.png,547,547,80.000,12.000,20,0.250,0.100,200000,8.631,37.847,17.033,-43.950,323.259,200000,1502630,199998,32817,16444,32817,234462,200000,33551,9402,394414,0,0,0,0,9403,0,0,0,8,133.390,332.728,327.980,6.394,3.660,35.129,0.000,0.000,18.288,206.950,0.000,15.930,41.629,3.957,0.000,0.000,0.000,0.000,0.000,0.000,0.000,0.000,0.000,0.000,0.000,0.000,0.000,0.000,0.000,0.000,33600000,0,225.238,38.789,15.930,0.000,20
Data-Oriented CPU ROAM,RelWithDebInfo,OpenGL,NVIDIA GeForce RTX 5090 D/PCIe/SSE2,4.3.0 NVIDIA 591.86,false,assets/heightmaps/Hm_Terrain_Peking_513.png,547,547,80.000,12.000,20,0.250,0.100,200000,8.965,46.156,17.109,-35.123,333.273,200000,1523834,199998,35197,17620,35197,234301,200000,33590,12077,415651,0,0,0,0,12078,0,0,0,8,133.329,356.089,351.568,6.809,3.784,28.373,0.000,0.000,19.653,235.808,0.000,15.713,41.427,3.751,0.000,0.000,0.000,0.000,0.000,0.000,0.000,0.000,0.000,0.000,0.000,0.000,0.000,0.000,0.000,0.000,33600000,0,255.461,32.157,15.713,0.000,20
Data-Oriented CPU ROAM,RelWithDebInfo,OpenGL,NVIDIA GeForce RTX 5090 D/PCIe/SSE2,4.3.0 NVIDIA 591.86,false,assets/heightmaps/Hm_Terrain_Peking_513.png,547,547,80.000,12.000,20,0.250,0.100,200000,9.321,52.807,17.741,-23.988,356.660,200000,1541700,199998,33257,16687,33257,234918,200000,33706,10870,401266,0,0,0,0,10871,0,0,0,8,158.716,339.069,334.713,7.160,3.848,29.046,0.000,0.000,19.217,215.360,0.000,15.387,44.693,3.633,0.000,0.000,0.000,0.000,0.000,0.000,0.000,0.000,0.000,0.000,0.000,0.000,0.000,0.000,0.000,0.000,33600000,0,234.577,32.894,15.387,0.000,20
Data-Oriented CPU ROAM,RelWithDebInfo,OpenGL,NVIDIA GeForce RTX 5090 D/PCIe/SSE2,4.3.0 NVIDIA 591.86,false,assets/heightmaps/Hm_Terrain_Peking_513.png,547,547,80.000,12.000,20,0.250,0.100,200000,9.661,56.689,18.760,-12.260,339.635,200000,1547948,199998,30504,15393,30504,234472,200000,33582,11050,367050,0,0,0,0,11051,0,0,0,8,131.837,312.553,308.140,7.484,3.487,22.588,0.000,0.000,18.080,197.526,0.000,18.084,40.889,3.670,0.000,0.000,0.000,0.000,0.000,0.000,0.000,0.000,0.000,0.000,0.000,0.000,0.000,0.000,0.000,0.000,33600000,0,215.606,26.075,18.084,0.000,20
Data-Oriented CPU ROAM,RelWithDebInfo,OpenGL,NVIDIA GeForce RTX 5090 D/PCIe/SSE2,4.3.0 NVIDIA 591.86,false,assets/heightmaps/Hm_Terrain_Peking_513.png,547,547,80.000,12.000,20,0.250,0.100,200000,9.974,57.992,19.903,-0.942,313.133,200000,1548196,199998,27577,13870,27577,234217,200000,33589,11053,332115,0,0,0,0,11054,0,0,0,8,183.032,294.882,290.245,7.111,3.029,14.163,0.000,0.000,14.961,197.639,0.000,15.098,38.242,3.910,0.000,0.000,0.000,0.000,0.000,0.000,0.000,0.000,0.000,0.000,0.000,0.000,0.000,0.000,0.000,0.000,33600000,0,212.600,17.192,15.098,0.000,20
Data-Oriented CPU ROAM,RelWithDebInfo,OpenGL,NVIDIA GeForce RTX 5090 D/PCIe/SSE2,4.3.0 NVIDIA 591.86,false,assets/heightmaps/Hm_Terrain_Peking_513.png,547,547,80.000,12.000,20,0.250,0.100,200000,10.000,58.000,20.000,0.000,295.440,200000,1548196,199998,2449,1231,2449,233611,200000,33565,1093,28230,0,0,0,0,1094,0,0,0,8,275.114,118.289,113.585,6.818,2.842,1.176,0.000,0.000,14.406,36.632,0.000,16.881,34.828,3.957,0.000,0.000,0.000,0.000,0.000,0.000,0.000,0.000,0.000,0.000,0.000,0.000,0.000,0.000,0.000,0.000,33600000,0,51.039,4.018,16.881,0.000,20
GPU ROAM-like,RelWithDebInfo,OpenGL,NVIDIA GeForce RTX 5090 D/PCIe/SSE2,4.3.0 NVIDIA 591.86,false,assets/heightmaps/Hm_Terrain_Peking_513.png,547,547,80.000,12.000,20,0.250,0.100,200000,0.000,58.000,20.000,0.000,940.634,199999,399996,199997,199997,99941,0,233557,0,0,0,0,0,0,0,0,1,0,0,0,1,98.387,763.299,738.041,96.818,0.000,0.006,0.000,0.000,0.002,591.683,0.000,0.000,49.531,8.851,0.000,0.000,0.000,0.000,0.000,0.000,0.000,0.000,0.000,11.010,0.061,1.903,0.000,0.000,0.000,0.000,45996440,0,591.686,0.006,0.000,0.000,20
GPU ROAM-like,RelWithDebInfo,OpenGL,NVIDIA GeForce RTX 5090 D/PCIe/SSE2,4.3.0 NVIDIA 591.86,false,assets/heightmaps/Hm_Terrain_Peking_513.png,547,547,80.000,12.000,20,0.250,0.100,200000,0.766,51.410,22.462,26.851,766.048,199999,514140,199997,57181,28658,57181,236630,0,0,0,0,0,0,0,0,19173,0,0,0,8,148.397,464.550,436.015,7.530,3.215,44.989,0.000,0.000,11.729,325.580,0.000,0.000,42.972,11.722,0.000,0.000,0.000,0.000,0.000,0.000,0.000,0.000,0.000,13.929,1.171,0.366,0.000,0.000,0.000,0.000,57583732,0,337.309,48.204,0.000,0.000,20
GPU ROAM-like,RelWithDebInfo,OpenGL,NVIDIA GeForce RTX 5090 D/PCIe/SSE2,4.3.0 NVIDIA 591.86,false,assets/heightmaps/Hm_Terrain_Peking_513.png,547,547,80.000,12.000,20,0.250,0.100,200000,1.231,41.495,22.999,40.524,465.113,200000,587742,199998,40908,20564,40907,235608,0,0,0,0,0,0,0,0,13656,0,0,0,8,97.930,368.374,335.724,7.588,3.593,34.058,0.000,0.000,12.678,231.868,0.000,0.000,45.938,13.729,0.000,0.000,0.000,0.000,0.000,0.000,0.000,0.000,0.000,15.746,1.425,0.318,0.000,0.000,0.000,0.000,65827156,0,244.546,37.651,0.000,0.000,20
GPU ROAM-like,RelWithDebInfo,OpenGL,NVIDIA GeForce RTX 5090 D/PCIe/SSE2,4.3.0 NVIDIA 591.86,false,assets/heightmaps/Hm_Terrain_Peking_513.png,547,547,80.000,12.000,20,0.250,0.100,200000,1.600,31.071,22.714,48.975,369.065,199999,644976,199997,35053,17607,35054,234831,0,0,0,0,0,0,0,0,14750,0,0,0,8,99.681,362.083,327.835,7.641,3.120,14.309,0.000,0.000,15.601,240.885,0.000,0.000,46.278,14.090,0.000,0.000,0.000,0.000,0.000,0.000,0.000,0.000,0.000,16.374,1.812,0.376,0.000,0.000,0.000,0.000,72237364,0,256.486,17.429,0.000,0.000,20
GPU ROAM-like,RelWithDebInfo,OpenGL,NVIDIA GeForce RTX 5090 D/PCIe/SSE2,4.3.0 NVIDIA 591.86,false,assets/heightmaps/Hm_Terrain_Peking_513.png,547,547,80.000,12.000,20,0.250,0.100,200000,1.963,19.197,21.874,54.731,362.872,200000,693102,199998,30621,15473,30620,234685,0,0,0,0,0,0,0,0,47558,0,0,0,8,128.123,343.040,286.329,7.450,3.253,16.711,0.000,0.000,14.984,199.619,0.000,0.000,44.311,15.361,0.035,0.024,0.024,0.022,0.028,0.007,0.016,0.117,0.273,19.683,3.180,0.303,0.005,16.551,0.000,0.000,77627476,96,214.603,19.964,0.000,0.000,20
GPU ROAM-like,RelWithDebInfo,OpenGL,NVIDIA GeForce RTX 5090 D/PCIe/SSE2,4.3.0 NVIDIA 591.86,false,assets/heightmaps/Hm_Terrain_Peking_513.png,547,547,80.000,12.000,20,0.250,0.100,200000,2.307,7.028,20.722,57.573,343.585,200000,745852,199998,32322,16285,32322,234529,0,0,0,0,0,0,0,0,49789,0,0,0,8,99.362,363.553,301.325,7.599,3.531,22.290,0.000,0.000,14.766,207.739,0.000,0.000,45.398,16.849,0.036,0.065,0.024,0.024,0.036,0.008,0.020,0.715,0.927,22.230,2.968,0.310,0.009,17.962,0.000,0.000,83535476,96,222.506,25.821,0.000,0.000,20
GPU ROAM-like,RelWithDebInfo,OpenGL,NVIDIA GeForce RTX 5090 D/PCIe/SSE2,4.3.0 NVIDIA 591.86,false,assets/heightmaps/Hm_Terrain_Peking_513.png,547,547,80.000,12.000,20,0.250,0.100,200000,2.671,-6.211,19.361,57.666,364.077,200000,802846,199998,32369,16223,32369,234085,0,0,0,0,0,0,0,0,49255,0,0,0,8,104.391,361.102,296.734,7.449,3.229,25.825,0.000,0.000,14.613,201.706,0.000,0.000,43.911,17.495,0.052,0.101,0.024,0.022,0.037,0.008,0.024,1.460,1.727,21.828,3.295,0.286,0.005,19.557,0.000,0.000,89918804,96,216.319,29.054,0.000,0.000,20
GPU ROAM-like,RelWithDebInfo,OpenGL,NVIDIA GeForce RTX 5090 D/PCIe/SSE2,4.3.0 NVIDIA 591.86,false,assets/heightmaps/Hm_Terrain_Peking_513.png,547,547,80.000,12.000,20,0.250,0.100,200000,3.033,-19.049,18.139,54.783,361.827,200000,854018,199998,31562,15985,31562,234210,0,0,0,0,0,0,0,0,47033,0,0,0,8,158.302,367.169,296.941,7.351,3.564,27.713,0.000,0.000,14.797,198.785,0.000,0.000,44.731,18.474,0.035,0.099,0.023,0.027,0.028,0.011,0.023,1.163,1.409,23.589,3.102,1.796,0.004,21.272,0.000,0.000,95650068,96,213.581,31.277,0.000,0.000,20
GPU ROAM-like,RelWithDebInfo,OpenGL,NVIDIA GeForce RTX 5090 D/PCIe/SSE2,4.3.0 NVIDIA 591.86,false,assets/heightmaps/Hm_Terrain_Peking_513.png,547,547,80.000,12.000,20,0.250,0.100,200000,3.400,-31.087,17.285,48.965,367.711,200000,909910,199998,36208,18239,36208,234666,0,0,0,0,0,0,0,0,45850,0,0,0,8,106.825,426.127,353.309,7.332,3.424,41.215,0.000,0.000,14.882,235.778,0.000,0.000,50.677,19.349,0.040,0.068,0.020,0.022,0.030,0.008,0.024,0.116,0.327,25.140,3.244,0.343,0.004,22.757,0.000,0.000,101909972,96,250.661,44.639,0.000,0.000,20
GPU ROAM-like,RelWithDebInfo,OpenGL,NVIDIA GeForce RTX 5090 D/PCIe/SSE2,4.3.0 NVIDIA 591.86,false,assets/heightmaps/Hm_Terrain_Peking_513.png,547,547,80.000,12.000,20,0.250,0.100,200000,3.827,-42.947,17.014,38.981,426.676,199999,970710,199997,41172,20634,41173,234559,0,0,0,0,0,0,0,0,47973,0,0,0,8,100.905,451.151,373.993,7.452,3.649,37.060,0.000,0.000,18.383,256.961,0.000,0.000,50.488,20.777,0.062,0.054,0.023,0.034,0.030,0.008,0.022,0.114,0.348,24.774,3.545,0.363,0.004,25.576,0.000,0.000,108719572,96,275.344,40.709,0.000,0.000,20
GPU ROAM-like,RelWithDebInfo,OpenGL,NVIDIA GeForce RTX 5090 D/PCIe/SSE2,4.3.0 NVIDIA 591.86,false,assets/heightmaps/Hm_Terrain_Peking_513.png,547,547,80.000,12.000,20,0.250,0.100,200000,4.279,-52.144,17.638,25.397,451.688,199999,1034086,199997,43723,21915,43723,234854,0,0,0,0,0,0,0,0,48880,0,0,0,8,97.300,467.849,383.211,7.389,3.554,38.994,0.000,0.000,16.875,268.286,0.000,0.000,48.112,23.136,0.113,0.062,0.031,0.060,0.036,0.008,0.028,0.116,0.455,28.349,3.958,0.283,0.004,26.728,0.000,0.000,115817684,96,285.161,42.548,0.000,0.000,20
GPU ROAM-like,RelWithDebInfo,OpenGL,NVIDIA GeForce RTX 5090 D/PCIe/SSE2,4.3.0 NVIDIA 591.86,false,assets/heightmaps/Hm_Terrain_Peking_513.png,547,547,80.000,12.000,20,0.250,0.100,200000,4.747,-57.269,19.062,9.179,468.400,200000,1093012,199998,39688,19943,39687,235020,0,0,0,0,0,0,0,0,50024,0,0,0,8,99.241,443.181,355.126,7.365,3.823,26.279,0.000,0.000,16.139,255.910,0.000,0.000,45.610,23.427,0.380,0.106,0.048,0.317,0.059,0.007,0.118,0.142,1.178,29.565,3.948,0.282,0.008,28.461,0.000,0.000,122417396,96,272.049,30.102,0.000,0.000,20
GPU ROAM-like,RelWithDebInfo,OpenGL,NVIDIA GeForce RTX 5090 D/PCIe/SSE2,4.3.0 NVIDIA 591.86,false,assets/heightmaps/Hm_Terrain_Peking_513.png,547,547,80.000,12.000,20,0.250,0.100,200000,5.191,-57.581,20.714,-6.956,444.273,199999,1146000,199997,36278,18157,36279,234573,0,0,0,0,0,0,0,0,50470,0,0,0,8,101.659,432.880,340.794,7.225,3.671,17.339,0.000,0.000,17.091,246.291,0.000,0.000,49.177,24.567,0.478,0.135,0.059,0.885,0.103,0.006,0.467,0.270,2.404,31.831,4.269,0.287,0.005,28.580,0.000,0.000,128352052,96,263.382,21.010,0.000,0.000,20
GPU ROAM-like,RelWithDebInfo,OpenGL,NVIDIA GeForce RTX 5090 D/PCIe/SSE2,4.3.0 NVIDIA 591.86,false,assets/heightmaps/Hm_Terrain_Peking_513.png,547,547,80.000,12.000,20,0.250,0.100,200000,5.625,-53.588,22.121,-22.189,433.463,200000,1194226,199998,37047,18603,37046,234723,0,0,0,0,0,0,0,0,45239,0,0,0,8,135.401,441.025,347.483,7.585,3.583,42.490,0.000,0.000,15.722,230.589,0.000,0.000,47.513,25.770,1.301,0.268,0.117,1.565,0.160,0.007,0.821,0.298,4.536,30.754,4.483,0.306,0.006,29.681,0.000,0.000,133753364,96,246.311,46.074,0.000,0.000,20
GPU ROAM-like,RelWithDebInfo,OpenGL,NVIDIA GeForce RTX 5090 D/PCIe/SSE2,4.3.0 NVIDIA 591.86,false,assets/heightmaps/Hm_Terrain_Peking_513.png,547,547,80.000,12.000,20,0.250,0.100,200000,6.066,-45.460,22.920,-36.019,441.592,200000,1238036,199998,37525,18845,37525,235071,0,0,0,0,0,0,0,0,46741,0,0,0,8,123.440,445.643,347.327,7.482,3.974,37.358,0.000,0.000,17.522,230.969,0.000,0.000,50.021,26.073,1.477,0.303,0.140,1.694,0.237,0.008,1.314,0.429,5.601,33.493,4.818,0.317,0.004,30.970,0.000,0.000,138660084,96,248.491,41.332,0.000,0.000,20
GPU ROAM-like,RelWithDebInfo,OpenGL,NVIDIA GeForce RTX 5090 D/PCIe/SSE2,4.3.0 NVIDIA 591.86,false,assets/heightmaps/Hm_Terrain_Peking_513.png,547,547,80.000,12.000,20,0.250,0.100,200000,6.513,-33.718,22.838,-47.192,446.246,199999,1278596,199997,41675,20896,41676,235064,0,0,0,0,0,0,0,0,51854,0,0,0,8,95.447,526.694,415.604,7.588,3.464,23.187,0.000,0.000,17.441,291.700,0.000,0.000,72.222,28.797,1.683,0.321,0.148,1.805,0.278,0.007,1.485,0.503,6.229,37.668,21.951,0.333,0.004,19.459,0.000,0.000,143202804,96,309.142,26.651,0.000,0.000,20
GPU ROAM-like,RelWithDebInfo,OpenGL,NVIDIA GeForce RTX 5090 D/PCIe/SSE2,4.3.0 NVIDIA 591.86,false,assets/heightmaps/Hm_Terrain_Peking_513.png,547,547,80.000,12.000,20,0.250,0.100,200000,7.040,-16.529,21.639,-55.595,527.413,199999,1330304,199997,42386,21258,42386,235746,0,0,0,0,0,0,0,0,52607,0,0,0,8,102.941,549.289,441.168,9.271,3.810,24.656,0.000,0.000,18.162,331.387,0.000,0.000,53.881,30.184,1.693,0.323,0.153,1.909,0.570,0.007,1.662,0.526,6.842,36.551,5.603,0.278,0.005,32.615,0.000,0.000,148994100,96,349.549,28.466,0.000,0.000,20
GPU ROAM-like,RelWithDebInfo,OpenGL,NVIDIA GeForce RTX 5090 D/PCIe/SSE2,4.3.0 NVIDIA 591.86,false,assets/heightmaps/Hm_Terrain_Peking_513.png,547,547,80.000,12.000,20,0.250,0.100,200000,7.590,3.279,19.661,-57.907,549.966,200000,1379226,199998,44228,22166,44227,235265,0,0,0,0,0,0,0,0,52535,0,0,0,8,118.725,542.701,434.219,7.623,3.415,27.793,0.000,0.000,18.499,328.362,0.000,0.000,48.526,29.319,2.123,0.332,0.152,1.969,0.297,0.007,1.665,0.528,7.073,36.030,6.144,0.279,0.005,33.562,0.000,0.000,154473364,96,346.861,31.208,0.000,0.000,20
GPU ROAM-like,RelWithDebInfo,OpenGL,NVIDIA GeForce RTX 5090 D/PCIe/SSE2,4.3.0 NVIDIA 591.86,false,assets/heightmaps/Hm_Terrain_Peking_513.png,547,547,80.000,12.000,20,0.250,0.100,200000,8.133,22.477,17.856,-53.467,543.363,199999,1422670,199997,45388,22818,45389,235138,0,0,0,0,0,0,0,0,52455,0,0,0,8,121.220,506.133,409.389,7.598,3.407,37.484,0.000,0.000,16.684,295.717,0.000,0.000,48.499,27.875,1.898,0.342,0.153,2.054,0.306,0.020,2.035,0.589,7.397,39.697,6.176,0.276,0.004,19.254,0.000,0.000,159339092,96,312.401,40.891,0.000,0.000,20
GPU ROAM-like,RelWithDebInfo,OpenGL,NVIDIA GeForce RTX 5090 D/PCIe/SSE2,4.3.0 NVIDIA 591.86,false,assets/heightmaps/Hm_Terrain_Peking_513.png,547,547,80.000,12.000,20,0.250,0.100,200000,8.640,38.085,17.029,-43.744,506.727,199999,1465776,199997,45953,23021,45953,235249,0,0,0,0,0,0,0,0,51571,0,0,0,8,98.504,526.680,411.508,7.550,3.684,48.736,0.000,0.000,16.902,288.040,0.000,0.000,46.594,30.728,2.013,0.343,0.158,2.114,0.308,0.008,2.074,0.641,7.659,39.116,6.041,0.268,0.004,35.764,0.000,0.000,164166964,96,304.942,52.420,0.000,0.000,20
GPU ROAM-like,RelWithDebInfo,OpenGL,NVIDIA GeForce RTX 5090 D/PCIe/SSE2,4.3.0 NVIDIA 591.86,false,assets/heightmaps/Hm_Terrain_Peking_513.png,547,547,80.000,12.000,20,0.250,0.100,200000,9.168,50.245,17.404,-28.974,527.400,199999,1496178,199997,50693,25353,50693,235150,0,0,0,0,0,0,0,0,54429,0,0,0,8,101.486,526.818,433.243,7.317,3.786,40.609,0.000,0.000,16.267,316.885,0.000,0.000,48.378,29.621,2.035,0.357,0.162,2.206,0.350,0.009,2.232,0.629,7.980,41.424,6.534,0.305,0.005,12.308,0.000,0.000,167571988,96,333.152,44.395,0.000,0.000,20
GPU ROAM-like,RelWithDebInfo,OpenGL,NVIDIA GeForce RTX 5090 D/PCIe/SSE2,4.3.0 NVIDIA 591.86,false,assets/heightmaps/Hm_Terrain_Peking_513.png,547,547,80.000,12.000,20,0.250,0.100,200000,9.695,56.938,18.878,-11.050,527.415,199999,1506226,199997,43488,21857,43488,235501,0,0,0,0,0,0,0,0,51684,0,0,0,8,96.600,504.732,386.623,7.954,3.520,29.294,0.000,0.000,16.911,284.969,0.000,0.000,43.976,31.153,2.117,0.363,0.170,2.646,0.389,0.007,1.966,0.661,8.319,39.909,6.035,0.075,0.005,37.595,0.000,0.000,168697364,96,301.880,32.813,0.000,0.000,20
GPU ROAM-like,RelWithDebInfo,OpenGL,NVIDIA GeForce RTX 5090 D/PCIe/SSE2,4.3.0 NVIDIA 591.86,false,assets/heightmaps/Hm_Terrain_Peking_513.png,547,547,80.000,12.000,20,0.250,0.100,200000,10.000,58.000,20.000,0.000,505.576,199999,1506226,199997,26659,13394,26659,234186,0,0,0,0,0,0,0,0,45395,0,0,0,8,133.190,320.159,248.596,7.450,3.317,13.774,0.000,0.000,13.929,173.093,0.000,0.000,37.034,10.035,2.171,0.370,0.170,2.616,0.455,0.007,2.033,0.704,8.526,43.357,0.000,0.069,0.007,14.653,0.000,0.000,168697364,96,187.021,17.091,0.000,0.000,20
